FoodType,SheetName,KCalories,Protein
Rice,Rice,3.56,0.09
Sugar,Sugar,4,0.03
Meat,Meat,2.5,0.225
Beans,Beans,3,0.1
Fish,Fish,1,0.22
Spaghetti,Spaghetti,3.6,0.0642857142857143
Yogurt,Yogurt,1.2,0.04
Fruit,Fruit,0.5,0
Chicken,Chicken,2,0.22
Bread,Bread,2.5,0.10125
Cheese,Cheese,2.5,0.333333333333333
Oil,Oil,8,0
Vegetables,Vegetables,0.5,0.04
Milk,Milk,0.6,0.0321428571428571
Potato,Potato,0.9,0.03
Egg,Egg,1.4,0.0882352941176471
Nuts,Nuts,6,0.2
